USER_ID,EMAIL,NAME,LASTNAME
Brittaney.Gentry86,Brittaney.Gentry86@goodmail.com,Gentry,Brittaney
Keri.Royce8,Keri.Royce8@funmail.com,Royce,Keri
Michal.Hollyanne32,Michal.Hollyanne32@funmail.com,Hollyanne,Michal
Carolina.Mateusz51,Carolina.Mateusz51@goodmail.com,Mateusz,Carolina
Noni.Thetis66,Noni.Thetis66@goodmail.com,Thetis,Noni
Grata.Ozzy95,Grata.Ozzy95@testmail.com,Ozzy,Grata
Celisse.Schellens98,Celisse.Schellens98@funmail.com,Schellens,Celisse
Harli.Dupaix47,Harli.Dupaix47@funmail.com,Dupaix,Harli
Emogene.Bassett59,Emogene.Bassett59@funmail.com,Bassett,Emogene
Minerva.Wilbert87,Minerva.Wilbert87@funmail.com,Wilbert,Minerva
Charmine.Burchett49,Charmine.Burchett49@goodmail.com,Burchett,Charmine
Channa.Formica62,Channa.Formica62@goodmail.com,Formica,Channa
Joanna.Publius21,Joanna.Publius21@goodmail.com,Publius,Joanna
Tonia.Saberio34,Tonia.Saberio34@goodmail.com,Saberio,Tonia
Lottie.Eustatius22,Lottie.Eustatius22@funmail.com,Eustatius,Lottie
Camilla.Ranson35,Camilla.Ranson35@testmail.com,Ranson,Camilla
Eilis.Ivy7,Eilis.Ivy7@goodmail.com,Ivy,Eilis
Margaretha.Bogusz78,Margaretha.Bogusz78@goodmail.com,Bogusz,Margaretha
Nyssa.Larkins41,Nyssa.Larkins41@goodmail.com,Larkins,Nyssa
Revkah.Noll76,Revkah.Noll76@testmail.com,Noll,Revkah
Bernita.Pinelli95,Bernita.Pinelli95@funmail.com,Pinelli,Bernita
Melitta.Zacharia32,Melitta.Zacharia32@goodmail.com,Zacharia,Melitta
Ashien.Amos47,Ashien.Amos47@goodmail.com,Amos,Ashien
Elfrida.Pegeen26,Elfrida.Pegeen26@goodmail.com,Pegeen,Elfrida
Luz.Ozzy15,Luz.Ozzy15@funmail.com,Ozzy,Luz
Willi.Ralleigh11,Willi.Ralleigh11@testmail.com,Ralleigh,Willi
Inna.Chemar77,Inna.Chemar77@goodmail.com,Chemar,Inna
Robena.Saimon4,Robena.Saimon4@funmail.com,Saimon,Robena
Saidee.Abana96,Saidee.Abana96@funmail.com,Abana,Saidee
Dorthy.Bremen33,Dorthy.Bremen33@funmail.com,Bremen,Dorthy
Nichol.Michaelina64,Nichol.Michaelina64@testmail.com,Michaelina,Nichol
Eileen.Katuscha73,Eileen.Katuscha73@funmail.com,Katuscha,Eileen
Ann.Collete15,Ann.Collete15@testmail.com,Collete,Ann
Thomasina.Becki98,Thomasina.Becki98@testmail.com,Becki,Thomasina
Annetta.Hogan86,Annetta.Hogan86@goodmail.com,Hogan,Annetta
Courtnay.Lodhia13,Courtnay.Lodhia13@funmail.com,Lodhia,Courtnay
Sasha.Vincent42,Sasha.Vincent42@testmail.com,Vincent,Sasha
Octavia.Shaylah71,Octavia.Shaylah71@goodmail.com,Shaylah,Octavia
Myrtia.Alisha15,Myrtia.Alisha15@goodmail.com,Alisha,Myrtia
Jerrie.Lark9,Jerrie.Lark9@goodmail.com,Lark,Jerrie
Marlena.Ambie83,Marlena.Ambie83@testmail.com,Ambie,Marlena
Ashly.Franzoni95,Ashly.Franzoni95@testmail.com,Franzoni,Ashly
Maura.Weaks16,Maura.Weaks16@testmail.com,Weaks,Maura
Abby.Hausmann57,Abby.Hausmann57@funmail.com,Hausmann,Abby
Claribel.Luigino21,Claribel.Luigino21@goodmail.com,Luigino,Claribel
Calley.Carina2,Calley.Carina2@goodmail.com,Carina,Calley
Uta.Groves96,Uta.Groves96@funmail.com,Groves,Uta
Anthea.Entwistle30,Anthea.Entwistle30@goodmail.com,Entwistle,Anthea
Brita.Femi45,Brita.Femi45@testmail.com,Femi,Brita
Hannis.Christoforo70,Hannis.Christoforo70@funmail.com,Christoforo,Hannis
Edeline.Whitten70,Edeline.Whitten70@funmail.com,Whitten,Edeline
Darsie.Derrik90,Darsie.Derrik90@testmail.com,Derrik,Darsie
Christal.Rebe68,Christal.Rebe68@testmail.com,Rebe,Christal
Gabey.Stephannie1,Gabey.Stephannie1@goodmail.com,Stephannie,Gabey
Gaby.Grethel40,Gaby.Grethel40@funmail.com,Grethel,Gaby
Jada.Guise51,Jada.Guise51@goodmail.com,Guise,Jada
Tove.Pincus91,Tove.Pincus91@testmail.com,Pincus,Tove
Gael.Belen23,Gael.Belen23@testmail.com,Belen,Gael
Loralyn.Kella60,Loralyn.Kella60@goodmail.com,Kella,Loralyn
Audrie.Morris67,Audrie.Morris67@goodmail.com,Morris,Audrie
Klara.Beryle23,Klara.Beryle23@funmail.com,Beryle,Klara
Kiley.Dickey47,Kiley.Dickey47@testmail.com,Dickey,Kiley
Saloma.Haggar36,Saloma.Haggar36@goodmail.com,Haggar,Saloma
Matelda.Aprile23,Matelda.Aprile23@funmail.com,Aprile,Matelda
Hyacinth.Dryfoos80,Hyacinth.Dryfoos80@goodmail.com,Dryfoos,Hyacinth
Jorry.Wight78,Jorry.Wight78@goodmail.com,Wight,Jorry
Selie.Khano8,Selie.Khano8@funmail.com,Khano,Selie
Maddy.Mechelle78,Maddy.Mechelle78@testmail.com,Mechelle,Maddy
Melina.Reddy78,Melina.Reddy78@testmail.com,Reddy,Melina
Jobey.Moshe23,Jobey.Moshe23@goodmail.com,Moshe,Jobey
Janie.Churchill56,Janie.Churchill56@funmail.com,Churchill,Janie
Jenica.Malinowski66,Jenica.Malinowski66@goodmail.com,Malinowski,Jenica
Luce.Yila37,Luce.Yila37@testmail.com,Yila,Luce
Marylee.Brod65,Marylee.Brod65@funmail.com,Brod,Marylee
Karolina.Hamrah92,Karolina.Hamrah92@testmail.com,Hamrah,Karolina
Charmion.Alrick26,Charmion.Alrick26@goodmail.com,Alrick,Charmion
Gusella.Andras78,Gusella.Andras78@goodmail.com,Andras,Gusella
Bernardina.Short8,Bernardina.Short8@testmail.com,Short,Bernardina
Linzy.Forest23,Linzy.Forest23@funmail.com,Forest,Linzy
Elaine.Claudell45,Elaine.Claudell45@goodmail.com,Claudell,Elaine
Dix.Aronoff82,Dix.Aronoff82@funmail.com,Aronoff,Dix
Wallie.Alcus17,Wallie.Alcus17@testmail.com,Alcus,Wallie
Charleen.Haze25,Charleen.Haze25@goodmail.com,Haze,Charleen
Leeanne.Haldi79,Leeanne.Haldi79@goodmail.com,Haldi,Leeanne
Carol-Jean.Skiest89,Carol-Jean.Skiest89@goodmail.com,Skiest,Carol-Jean
Nanette.Beckerman96,Nanette.Beckerman96@goodmail.com,Beckerman,Nanette
Micaela.Le73,Micaela.Le73@goodmail.com,Le,Micaela
Renelle.Rainah43,Renelle.Rainah43@goodmail.com,Rainah,Renelle
Malina.Ribble80,Malina.Ribble80@testmail.com,Ribble,Malina
Sylvia.Sothena33,Sylvia.Sothena33@goodmail.com,Sothena,Sylvia
Philippine.Paolina99,Philippine.Paolina99@testmail.com,Paolina,Philippine
Christina.Labana75,Christina.Labana75@goodmail.com,Labana,Christina
Nelli.Frida86,Nelli.Frida86@goodmail.com,Frida,Nelli
Maryjo.Franciscka7,Maryjo.Franciscka7@goodmail.com,Franciscka,Maryjo
Fanni.Sandberg64,Fanni.Sandberg64@funmail.com,Sandberg,Fanni
Raye.Edson94,Raye.Edson94@funmail.com,Edson,Raye
Anna-Maria.Garlen54,Anna-Maria.Garlen54@funmail.com,Garlen,Anna-Maria
Nessa.Torrin18,Nessa.Torrin18@goodmail.com,Torrin,Nessa
Arielle.Schear78,Arielle.Schear78@goodmail.com,Schear,Arielle
Antonella.Orion77,Antonella.Orion77@goodmail.com,Orion,Antonella
Verine.Valonia38,Verine.Valonia38@goodmail.com,Valonia,Verine
Reine.Hetty19,Reine.Hetty19@testmail.com,Hetty,Reine
Carlotta.Pardner78,Carlotta.Pardner78@funmail.com,Pardner,Carlotta
Raquela.Valina51,Raquela.Valina51@funmail.com,Valina,Raquela
Dorolisa.Yseulte99,Dorolisa.Yseulte99@testmail.com,Yseulte,Dorolisa
Joanna.Gian27,Joanna.Gian27@funmail.com,Gian,Joanna
Evelyn.Les20,Evelyn.Les20@funmail.com,Les,Evelyn
Mildred.McClimans59,Mildred.McClimans59@testmail.com,McClimans,Mildred
Toma.Coughlin53,Toma.Coughlin53@goodmail.com,Coughlin,Toma
Adelheid.Gilletta34,Adelheid.Gilletta34@testmail.com,Gilletta,Adelheid
Dulci.Tomlin35,Dulci.Tomlin35@funmail.com,Tomlin,Dulci
Ada.Deloris84,Ada.Deloris84@funmail.com,Deloris,Ada
Nixie.Katrina82,Nixie.Katrina82@funmail.com,Katrina,Nixie
Ettie.Allyson30,Ettie.Allyson30@testmail.com,Allyson,Ettie
Sharlene.Nial95,Sharlene.Nial95@goodmail.com,Nial,Sharlene
Berti.Hutchings25,Berti.Hutchings25@funmail.com,Hutchings,Berti
Pietra.Karlin16,Pietra.Karlin16@goodmail.com,Karlin,Pietra
Desirae.Vilberg77,Desirae.Vilberg77@goodmail.com,Vilberg,Desirae
Norry.Solnit53,Norry.Solnit53@funmail.com,Solnit,Norry
Caroline.Betty44,Caroline.Betty44@goodmail.com,Betty,Caroline
Sadye.Pacorro12,Sadye.Pacorro12@testmail.com,Pacorro,Sadye
Violette.Bale45,Violette.Bale45@testmail.com,Bale,Violette
Tamiko.Tessi69,Tamiko.Tessi69@funmail.com,Tessi,Tamiko
Lola.Dremann16,Lola.Dremann16@funmail.com,Dremann,Lola
Rici.Echikson45,Rici.Echikson45@testmail.com,Echikson,Rici
Wendy.Aldin42,Wendy.Aldin42@goodmail.com,Aldin,Wendy
Emelyne.Shiau71,Emelyne.Shiau71@testmail.com,Shiau,Emelyne
Bryana.Chrysa92,Bryana.Chrysa92@testmail.com,Chrysa,Bryana
Sharyl.Ion59,Sharyl.Ion59@testmail.com,Ion,Sharyl
Caryn.Beale55,Caryn.Beale55@goodmail.com,Beale,Caryn
Charlean.Marjy13,Charlean.Marjy13@testmail.com,Marjy,Charlean
Nessy.Gignac82,Nessy.Gignac82@goodmail.com,Gignac,Nessy
Estele.Savill70,Estele.Savill70@testmail.com,Savill,Estele
Judy.Diaz56,Judy.Diaz56@testmail.com,Diaz,Judy
Lynnet.Thomasa88,Lynnet.Thomasa88@testmail.com,Thomasa,Lynnet
Alison.Fabri53,Alison.Fabri53@goodmail.com,Fabri,Alison
Tammy.Gillette9,Tammy.Gillette9@funmail.com,Gillette,Tammy
Germana.Sorce77,Germana.Sorce77@testmail.com,Sorce,Germana
Annie.Duwe34,Annie.Duwe34@goodmail.com,Duwe,Annie
Rori.Ambrosia63,Rori.Ambrosia63@funmail.com,Ambrosia,Rori
Maris.Elliot17,Maris.Elliot17@goodmail.com,Elliot,Maris
Elvina.Mills40,Elvina.Mills40@testmail.com,Mills,Elvina
Sheree.Alfonse55,Sheree.Alfonse55@testmail.com,Alfonse,Sheree
Winna.McKay71,Winna.McKay71@testmail.com,McKay,Winna
Ilsa.Stanwinn45,Ilsa.Stanwinn45@funmail.com,Stanwinn,Ilsa
Dixie.Bab20,Dixie.Bab20@funmail.com,Bab,Dixie
Hettie.Kobi17,Hettie.Kobi17@testmail.com,Kobi,Hettie
Wenona.Erik68,Wenona.Erik68@goodmail.com,Erik,Wenona
Concordia.Ellissa91,Concordia.Ellissa91@testmail.com,Ellissa,Concordia
Denise.Prouty27,Denise.Prouty27@funmail.com,Prouty,Denise
Cassie.Wilmott27,Cassie.Wilmott27@funmail.com,Wilmott,Cassie
Leesa.Latia28,Leesa.Latia28@testmail.com,Latia,Leesa
Kaleena.Bengt6,Kaleena.Bengt6@goodmail.com,Bengt,Kaleena
Beryl.Maurilia30,Beryl.Maurilia30@goodmail.com,Maurilia,Beryl
Jere.Kara65,Jere.Kara65@goodmail.com,Kara,Jere
Prudi.Bolanger93,Prudi.Bolanger93@funmail.com,Bolanger,Prudi
Ambur.Dulla49,Ambur.Dulla49@funmail.com,Dulla,Ambur
Bride.Selma20,Bride.Selma20@testmail.com,Selma,Bride
Sharla.Winthrop30,Sharla.Winthrop30@testmail.com,Winthrop,Sharla
Moselle.Biddie43,Moselle.Biddie43@goodmail.com,Biddie,Moselle
Matelda.Ortrud74,Matelda.Ortrud74@goodmail.com,Ortrud,Matelda
Coleen.Don29,Coleen.Don29@funmail.com,Don,Coleen
Shirl.Liane4,Shirl.Liane4@goodmail.com,Liane,Shirl
Lucienne.Bristow57,Lucienne.Bristow57@funmail.com,Bristow,Lucienne
Kaylyn.Alberik74,Kaylyn.Alberik74@testmail.com,Alberik,Kaylyn
Carry.Dorene23,Carry.Dorene23@goodmail.com,Dorene,Carry
Lacey.Radke25,Lacey.Radke25@goodmail.com,Radke,Lacey
Esta.Falcone18,Esta.Falcone18@funmail.com,Falcone,Esta
Blanca.Cathrin19,Blanca.Cathrin19@testmail.com,Cathrin,Blanca
Dallas.Afrikah72,Dallas.Afrikah72@testmail.com,Afrikah,Dallas
Odetta.Heurlin47,Odetta.Heurlin47@goodmail.com,Heurlin,Odetta
Athena.Butte13,Athena.Butte13@goodmail.com,Butte,Athena
Suki.Marlena66,Suki.Marlena66@testmail.com,Marlena,Suki
Ester.Wenonah44,Ester.Wenonah44@goodmail.com,Wenonah,Ester
Mariska.Buroker67,Mariska.Buroker67@testmail.com,Buroker,Mariska
Kessiah.Matrona53,Kessiah.Matrona53@testmail.com,Matrona,Kessiah
Josie.Walliw76,Josie.Walliw76@goodmail.com,Walliw,Josie
Karlen.Castro5,Karlen.Castro5@funmail.com,Castro,Karlen
Steffi.Weinberg74,Steffi.Weinberg74@funmail.com,Weinberg,Steffi
Brigitta.Balsam57,Brigitta.Balsam57@goodmail.com,Balsam,Brigitta
Zelma.Benil8,Zelma.Benil8@goodmail.com,Benil,Zelma
Eleen.Andrea51,Eleen.Andrea51@goodmail.com,Andrea,Eleen
Suzie.Kaspar49,Suzie.Kaspar49@funmail.com,Kaspar,Suzie
Lyndsie.Lubbi70,Lyndsie.Lubbi70@funmail.com,Lubbi,Lyndsie
Siobhan.Engud18,Siobhan.Engud18@testmail.com,Engud,Siobhan
Adria.Griggs2,Adria.Griggs2@testmail.com,Griggs,Adria
Nikkie.Brandt23,Nikkie.Brandt23@funmail.com,Brandt,Nikkie
Anne-Marie.Graehl14,Anne-Marie.Graehl14@funmail.com,Graehl,Anne-Marie
Janetta.Lory71,Janetta.Lory71@goodmail.com,Lory,Janetta
Laurette.Roper47,Laurette.Roper47@goodmail.com,Roper,Laurette
Blanch.Lovmilla47,Blanch.Lovmilla47@testmail.com,Lovmilla,Blanch
Doe.Danczyk6,Doe.Danczyk6@testmail.com,Danczyk,Doe
Selinda.Alane54,Selinda.Alane54@testmail.com,Alane,Selinda
Merrily.Grochow33,Merrily.Grochow33@funmail.com,Grochow,Merrily
Hyacintha.Komarek16,Hyacintha.Komarek16@testmail.com,Komarek,Hyacintha
Charity.Turnbull91,Charity.Turnbull91@funmail.com,Turnbull,Charity
Halie.Quita87,Halie.Quita87@testmail.com,Quita,Halie
Amalle.Lanford84,Amalle.Lanford84@testmail.com,Lanford,Amalle
Kelcey.Tani2,Kelcey.Tani2@testmail.com,Tani,Kelcey
Jaquelyn.Teodor97,Jaquelyn.Teodor97@goodmail.com,Teodor,Jaquelyn
Renie.Schuh87,Renie.Schuh87@goodmail.com,Schuh,Renie
Claudetta.Celestyna79,Claudetta.Celestyna79@goodmail.com,Celestyna,Claudetta
Michelina.Conover18,Michelina.Conover18@goodmail.com,Conover,Michelina
Lonnie.Fielding48,Lonnie.Fielding48@goodmail.com,Fielding,Lonnie
Laetitia.Hallsy39,Laetitia.Hallsy39@funmail.com,Hallsy,Laetitia
Kissee.Alley48,Kissee.Alley48@funmail.com,Alley,Kissee
Claudie.Lavine90,Claudie.Lavine90@testmail.com,Lavine,Claudie
Kyrstin.Lenhard75,Kyrstin.Lenhard75@funmail.com,Lenhard,Kyrstin
Stefa.Gardol78,Stefa.Gardol78@goodmail.com,Gardol,Stefa
Fernanda.Shum78,Fernanda.Shum78@goodmail.com,Shum,Fernanda
Olwen.Belak93,Olwen.Belak93@testmail.com,Belak,Olwen
Allyson.Jennine62,Allyson.Jennine62@goodmail.com,Jennine,Allyson
Gay.Derron81,Gay.Derron81@testmail.com,Derron,Gay
Romy.Elazaro90,Romy.Elazaro90@testmail.com,Elazaro,Romy
Mandie.Darby30,Mandie.Darby30@testmail.com,Darby,Mandie
Athena.Fulton16,Athena.Fulton16@funmail.com,Fulton,Athena
Devinne.Egidius83,Devinne.Egidius83@testmail.com,Egidius,Devinne
Pierrette.Roxane8,Pierrette.Roxane8@goodmail.com,Roxane,Pierrette
Abby.Solana24,Abby.Solana24@funmail.com,Solana,Abby
Andy.Christy28,Andy.Christy28@funmail.com,Christy,Andy
Brandea.Miguela45,Brandea.Miguela45@funmail.com,Miguela,Brandea
Margi.Mathia73,Margi.Mathia73@funmail.com,Mathia,Margi
Celene.Dublin15,Celene.Dublin15@testmail.com,Dublin,Celene
Jaclin.Walrath48,Jaclin.Walrath48@testmail.com,Walrath,Jaclin
Chandra.Dzoba74,Chandra.Dzoba74@testmail.com,Dzoba,Chandra
Marjorie.Alano43,Marjorie.Alano43@testmail.com,Alano,Marjorie
Zabrina.Cello70,Zabrina.Cello70@goodmail.com,Cello,Zabrina
Eyde.Mazur5,Eyde.Mazur5@goodmail.com,Mazur,Eyde
Adena.Ornie83,Adena.Ornie83@goodmail.com,Ornie,Adena
Adrianne.Zarger78,Adrianne.Zarger78@testmail.com,Zarger,Adrianne
Tallie.Abbot73,Tallie.Abbot73@funmail.com,Abbot,Tallie
Stace.Milburn52,Stace.Milburn52@goodmail.com,Milburn,Stace
Vinita.Schatz74,Vinita.Schatz74@funmail.com,Schatz,Vinita
Estele.Strauss99,Estele.Strauss99@goodmail.com,Strauss,Estele
Anica.Gibbs82,Anica.Gibbs82@testmail.com,Gibbs,Anica
Nelli.Milstone94,Nelli.Milstone94@funmail.com,Milstone,Nelli
Hatti.Zeeba49,Hatti.Zeeba49@testmail.com,Zeeba,Hatti
Florencia.Philemon44,Florencia.Philemon44@goodmail.com,Philemon,Florencia
Sher.Ray23,Sher.Ray23@testmail.com,Ray,Sher
Bethina.Clayton15,Bethina.Clayton15@funmail.com,Clayton,Bethina
Michaeline.Slocum88,Michaeline.Slocum88@funmail.com,Slocum,Michaeline
Daile.Valdes30,Daile.Valdes30@funmail.com,Valdes,Daile
Mariana.Rennold50,Mariana.Rennold50@testmail.com,Rennold,Mariana
Joanna.Hughett86,Joanna.Hughett86@testmail.com,Hughett,Joanna
Caroljean.Pyle43,Caroljean.Pyle43@funmail.com,Pyle,Caroljean
Kevina.Vachill97,Kevina.Vachill97@funmail.com,Vachill,Kevina
Blondie.Burroughs42,Blondie.Burroughs42@funmail.com,Burroughs,Blondie
Beverie.Wiley28,Beverie.Wiley28@goodmail.com,Wiley,Beverie
Cahra.Myers8,Cahra.Myers8@testmail.com,Myers,Cahra
Zondra.Kaela2,Zondra.Kaela2@testmail.com,Kaela,Zondra
Josepha.Lapointe73,Josepha.Lapointe73@goodmail.com,Lapointe,Josepha
Ingaberg.Hughes40,Ingaberg.Hughes40@testmail.com,Hughes,Ingaberg
Guglielma.Sil30,Guglielma.Sil30@testmail.com,Sil,Guglielma
Kettie.Shue41,Kettie.Shue41@funmail.com,Shue,Kettie
Martica.Tiphani90,Martica.Tiphani90@goodmail.com,Tiphani,Martica
Kerri.Laveen34,Kerri.Laveen34@testmail.com,Laveen,Kerri
Deny.Johannes61,Deny.Johannes61@testmail.com,Johannes,Deny
Juliana.Mistrot35,Juliana.Mistrot35@funmail.com,Mistrot,Juliana
Corinne.Hauck56,Corinne.Hauck56@funmail.com,Hauck,Corinne
Page.Kaplan7,Page.Kaplan7@testmail.com,Kaplan,Page
Teri.Danieu32,Teri.Danieu32@funmail.com,Danieu,Teri
Else.Oliviero3,Else.Oliviero3@testmail.com,Oliviero,Else
Sonny.Idel6,Sonny.Idel6@testmail.com,Idel,Sonny
Carlie.Shaylyn15,Carlie.Shaylyn15@goodmail.com,Shaylyn,Carlie
Merralee.Nika70,Merralee.Nika70@testmail.com,Nika,Merralee
Rochella.Orvan96,Rochella.Orvan96@goodmail.com,Orvan,Rochella
Vale.Vidovik68,Vale.Vidovik68@funmail.com,Vidovik,Vale
Vonny.Bascio66,Vonny.Bascio66@goodmail.com,Bascio,Vonny
Matty.Cung91,Matty.Cung91@funmail.com,Cung,Matty
Clara.Brezin89,Clara.Brezin89@funmail.com,Brezin,Clara
Patti.Menzies9,Patti.Menzies9@testmail.com,Menzies,Patti
Carlynn.Emilie59,Carlynn.Emilie59@funmail.com,Emilie,Carlynn
Elane.Veedis46,Elane.Veedis46@goodmail.com,Veedis,Elane
Maribelle.Johan58,Maribelle.Johan58@testmail.com,Johan,Maribelle
Lorie.Roer14,Lorie.Roer14@testmail.com,Roer,Lorie
Florence.Artie12,Florence.Artie12@testmail.com,Artie,Florence
Rosalinde.Karl16,Rosalinde.Karl16@goodmail.com,Karl,Rosalinde
Theresita.Oringa75,Theresita.Oringa75@goodmail.com,Oringa,Theresita
Kris.Huan38,Kris.Huan38@goodmail.com,Huan,Kris
Elisha.Drugge90,Elisha.Drugge90@testmail.com,Drugge,Elisha
Anny.Jahdal49,Anny.Jahdal49@goodmail.com,Jahdal,Anny
Sharl.Goldenberg44,Sharl.Goldenberg44@goodmail.com,Goldenberg,Sharl
Pooh.Otto54,Pooh.Otto54@goodmail.com,Otto,Pooh
Rasia.Norina31,Rasia.Norina31@funmail.com,Norina,Rasia
Eryn.Kataway27,Eryn.Kataway27@testmail.com,Kataway,Eryn
Kim.Cato68,Kim.Cato68@testmail.com,Cato,Kim
Amabel.Anestassia45,Amabel.Anestassia45@goodmail.com,Anestassia,Amabel
Allina.Yulma57,Allina.Yulma57@goodmail.com,Yulma,Allina
Grayce.Domel61,Grayce.Domel61@testmail.com,Domel,Grayce
Gabbey.Adamson93,Gabbey.Adamson93@goodmail.com,Adamson,Gabbey
Jemmie.Switzer84,Jemmie.Switzer84@funmail.com,Switzer,Jemmie
Erminie.Hooke76,Erminie.Hooke76@goodmail.com,Hooke,Erminie
Tybie.Nero88,Tybie.Nero88@goodmail.com,Nero,Tybie
Robbin.Laise92,Robbin.Laise92@testmail.com,Laise,Robbin
Audre.Landau45,Audre.Landau45@funmail.com,Landau,Audre
Kalinda.Wassyngton41,Kalinda.Wassyngton41@funmail.com,Wassyngton,Kalinda
Kaycee.Zinn28,Kaycee.Zinn28@testmail.com,Zinn,Kaycee
Vanny.Fidel39,Vanny.Fidel39@funmail.com,Fidel,Vanny
Sapphire.Grearson27,Sapphire.Grearson27@testmail.com,Grearson,Sapphire
Marilee.Wilkens63,Marilee.Wilkens63@goodmail.com,Wilkens,Marilee
Norry.Shakespeare52,Norry.Shakespeare52@funmail.com,Shakespeare,Norry
Valentine.Nerland77,Valentine.Nerland77@funmail.com,Nerland,Valentine
Caye.Bent53,Caye.Bent53@testmail.com,Bent,Caye
Riki.Yuma62,Riki.Yuma62@funmail.com,Yuma,Riki
Niki.Kenric44,Niki.Kenric44@funmail.com,Kenric,Niki
Sophie.Maxfield19,Sophie.Maxfield19@goodmail.com,Maxfield,Sophie
Frieda.Laks42,Frieda.Laks42@funmail.com,Laks,Frieda
Trixi.Nielson56,Trixi.Nielson56@funmail.com,Nielson,Trixi
Elfie.Alper37,Elfie.Alper37@funmail.com,Alper,Elfie
Hilliary.Beaner32,Hilliary.Beaner32@funmail.com,Beaner,Hilliary
Aigneis.Mira6,Aigneis.Mira6@funmail.com,Mira,Aigneis
Shawnee.Farris86,Shawnee.Farris86@goodmail.com,Farris,Shawnee
Dacy.Server57,Dacy.Server57@testmail.com,Server,Dacy
Romona.Manoff86,Romona.Manoff86@goodmail.com,Manoff,Romona
Darlleen.Gordon28,Darlleen.Gordon28@goodmail.com,Gordon,Darlleen
Olva.Kleeman56,Olva.Kleeman56@funmail.com,Kleeman,Olva
Diannne.Emlin12,Diannne.Emlin12@funmail.com,Emlin,Diannne
Dulsea.Hoes76,Dulsea.Hoes76@goodmail.com,Hoes,Dulsea
Carlina.Chae37,Carlina.Chae37@funmail.com,Chae,Carlina
Kandace.Garlaand83,Kandace.Garlaand83@funmail.com,Garlaand,Kandace
Maryjane.Previdi19,Maryjane.Previdi19@goodmail.com,Previdi,Maryjane
Laverna.Doelling53,Laverna.Doelling53@goodmail.com,Doelling,Laverna
Diahann.Waters74,Diahann.Waters74@goodmail.com,Waters,Diahann
Harriet.Hyland74,Harriet.Hyland74@goodmail.com,Hyland,Harriet
Fawne.Solange80,Fawne.Solange80@funmail.com,Solange,Fawne
Zelma.Clair94,Zelma.Clair94@testmail.com,Clair,Zelma
Lilia.Lucina36,Lilia.Lucina36@testmail.com,Lucina,Lilia
Amelita.Smail63,Amelita.Smail63@goodmail.com,Smail,Amelita
Rhonda.Moe29,Rhonda.Moe29@goodmail.com,Moe,Rhonda
Max.Gray89,Max.Gray89@funmail.com,Gray,Max
Gay.Marsiella61,Gay.Marsiella61@goodmail.com,Marsiella,Gay
Laurice.Sarid29,Laurice.Sarid29@goodmail.com,Sarid,Laurice
Casie.Melanie89,Casie.Melanie89@goodmail.com,Melanie,Casie
Elizabet.Zobkiw42,Elizabet.Zobkiw42@goodmail.com,Zobkiw,Elizabet
Ronni.Willey1,Ronni.Willey1@funmail.com,Willey,Ronni
Caprice.Mercie99,Caprice.Mercie99@goodmail.com,Mercie,Caprice
Sue.Takeshi63,Sue.Takeshi63@goodmail.com,Takeshi,Sue
Sarine.Nate92,Sarine.Nate92@funmail.com,Nate,Sarine
Catriona.Ji69,Catriona.Ji69@funmail.com,Ji,Catriona
Ella.Stasny91,Ella.Stasny91@funmail.com,Stasny,Ella
Pammie.Doss17,Pammie.Doss17@testmail.com,Doss,Pammie
Aidan.Barbuto48,Aidan.Barbuto48@goodmail.com,Barbuto,Aidan
Benedicta.Clio88,Benedicta.Clio88@goodmail.com,Clio,Benedicta
Bernice.Blockus34,Bernice.Blockus34@goodmail.com,Blockus,Bernice
Constance.Nabala12,Constance.Nabala12@goodmail.com,Nabala,Constance
Myriam.Ruffina4,Myriam.Ruffina4@funmail.com,Ruffina,Myriam
Sofie.Alf59,Sofie.Alf59@funmail.com,Alf,Sofie
Maddi.Jemmy74,Maddi.Jemmy74@testmail.com,Jemmy,Maddi
Donnie.Elwina15,Donnie.Elwina15@testmail.com,Elwina,Donnie
Jordain.Leavitt72,Jordain.Leavitt72@funmail.com,Leavitt,Jordain
Erica.Gavini26,Erica.Gavini26@funmail.com,Gavini,Erica
Elyssa.Avner32,Elyssa.Avner32@testmail.com,Avner,Elyssa
Corabella.Risa12,Corabella.Risa12@goodmail.com,Risa,Corabella
Krissie.Lindeberg35,Krissie.Lindeberg35@funmail.com,Lindeberg,Krissie
Valentine.Mill90,Valentine.Mill90@testmail.com,Mill,Valentine
Twila.Bonni14,Twila.Bonni14@goodmail.com,Bonni,Twila
Clarice.Georgeanne83,Clarice.Georgeanne83@testmail.com,Georgeanne,Clarice
Joyan.Lorianne75,Joyan.Lorianne75@testmail.com,Lorianne,Joyan
Blanch.Seale11,Blanch.Seale11@funmail.com,Seale,Blanch
Tonye.Nella57,Tonye.Nella57@goodmail.com,Nella,Tonye
Lucretia.Kristina91,Lucretia.Kristina91@testmail.com,Kristina,Lucretia
Almeria.Jemima72,Almeria.Jemima72@goodmail.com,Jemima,Almeria
Laurice.Redman64,Laurice.Redman64@testmail.com,Redman,Laurice
Ame.Wetzell43,Ame.Wetzell43@goodmail.com,Wetzell,Ame
Kimberly.Tay24,Kimberly.Tay24@testmail.com,Tay,Kimberly
Zorina.Jeannie66,Zorina.Jeannie66@goodmail.com,Jeannie,Zorina
Tonya.Golter2,Tonya.Golter2@testmail.com,Golter,Tonya
Lianne.Appleton54,Lianne.Appleton54@goodmail.com,Appleton,Lianne
Corrie.Quincey6,Corrie.Quincey6@goodmail.com,Quincey,Corrie
Nora.Lothar33,Nora.Lothar33@funmail.com,Lothar,Nora
Clarey.Jessalyn24,Clarey.Jessalyn24@goodmail.com,Jessalyn,Clarey
Adriane.Cerys75,Adriane.Cerys75@funmail.com,Cerys,Adriane
Carlota.Athene55,Carlota.Athene55@testmail.com,Athene,Carlota
Jacquelin.Bremen56,Jacquelin.Bremen56@funmail.com,Bremen,Jacquelin
Kala.Lopes30,Kala.Lopes30@funmail.com,Lopes,Kala
Nert.Englebert74,Nert.Englebert74@testmail.com,Englebert,Nert
Binny.O'Connell43,Binny.O'Connell43@funmail.com,O'Connell,Binny
Clarisse.Rockie75,Clarisse.Rockie75@testmail.com,Rockie,Clarisse
Emylee.Eckel34,Emylee.Eckel34@goodmail.com,Eckel,Emylee
Moyna.Intosh20,Moyna.Intosh20@funmail.com,Intosh,Moyna
Alayne.Verner61,Alayne.Verner61@funmail.com,Verner,Alayne
Almire.Rajiv55,Almire.Rajiv55@funmail.com,Rajiv,Almire
Nanine.Coral3,Nanine.Coral3@funmail.com,Coral,Nanine
Donny.Ree31,Donny.Ree31@funmail.com,Ree,Donny
Adore.Jenesia18,Adore.Jenesia18@funmail.com,Jenesia,Adore
Sabrina.Rheba27,Sabrina.Rheba27@funmail.com,Rheba,Sabrina
Lizbeth.Tate97,Lizbeth.Tate97@goodmail.com,Tate,Lizbeth
Dahlia.Dylana6,Dahlia.Dylana6@funmail.com,Dylana,Dahlia
Corey.Lipcombe83,Corey.Lipcombe83@goodmail.com,Lipcombe,Corey
Loralie.Descombes64,Loralie.Descombes64@goodmail.com,Descombes,Loralie
Nelli.Wayolle71,Nelli.Wayolle71@funmail.com,Wayolle,Nelli
Konstanze.Marcoux43,Konstanze.Marcoux43@goodmail.com,Marcoux,Konstanze
Eliza.Maryl29,Eliza.Maryl29@testmail.com,Maryl,Eliza
Jacquelyn.Shakespeare24,Jacquelyn.Shakespeare24@goodmail.com,Shakespeare,Jacquelyn
Elene.Livi99,Elene.Livi99@testmail.com,Livi,Elene
Stephine.Allistir83,Stephine.Allistir83@funmail.com,Allistir,Stephine
Annie.Arvid67,Annie.Arvid67@testmail.com,Arvid,Annie
Cathlene.Freiman41,Cathlene.Freiman41@testmail.com,Freiman,Cathlene
Mab.Gabby40,Mab.Gabby40@funmail.com,Gabby,Mab
Averil.Trimble12,Averil.Trimble12@goodmail.com,Trimble,Averil
Lynnett.Vernen34,Lynnett.Vernen34@testmail.com,Vernen,Lynnett
Christi.Hacker34,Christi.Hacker34@goodmail.com,Hacker,Christi
Theresa.Saks48,Theresa.Saks48@goodmail.com,Saks,Theresa
Rozina.Elsie80,Rozina.Elsie80@funmail.com,Elsie,Rozina
Esma.Eulalee20,Esma.Eulalee20@testmail.com,Eulalee,Esma
Rosabella.Sarkaria73,Rosabella.Sarkaria73@testmail.com,Sarkaria,Rosabella
Kariotta.Veda1,Kariotta.Veda1@testmail.com,Veda,Kariotta
Phaidra.Fortuna55,Phaidra.Fortuna55@funmail.com,Fortuna,Phaidra
Leda.Alf56,Leda.Alf56@testmail.com,Alf,Leda
Ebony.Blumenfeld97,Ebony.Blumenfeld97@funmail.com,Blumenfeld,Ebony
Jinny.Geri46,Jinny.Geri46@testmail.com,Geri,Jinny
Clemence.Koser22,Clemence.Koser22@goodmail.com,Koser,Clemence
Marylynne.Charin7,Marylynne.Charin7@goodmail.com,Charin,Marylynne
Flore.Gottfried89,Flore.Gottfried89@goodmail.com,Gottfried,Flore
Zahara.Melisenda2,Zahara.Melisenda2@funmail.com,Melisenda,Zahara
Davida.Annabella72,Davida.Annabella72@testmail.com,Annabella,Davida
Catlaina.Sergent21,Catlaina.Sergent21@goodmail.com,Sergent,Catlaina
Cacilie.Utta12,Cacilie.Utta12@testmail.com,Utta,Cacilie
Sarah.Nicolais77,Sarah.Nicolais77@testmail.com,Nicolais,Sarah
Kirstin.Cissie13,Kirstin.Cissie13@goodmail.com,Cissie,Kirstin
Trescha.Nadabas92,Trescha.Nadabas92@funmail.com,Nadabas,Trescha
Regine.Conah55,Regine.Conah55@testmail.com,Conah,Regine
Allys.Alcott71,Allys.Alcott71@goodmail.com,Alcott,Allys
Wylma.Selestina22,Wylma.Selestina22@testmail.com,Selestina,Wylma
Mellisent.Monagan28,Mellisent.Monagan28@funmail.com,Monagan,Mellisent
Sena.Delsman17,Sena.Delsman17@funmail.com,Delsman,Sena
Eulalie.Minor94,Eulalie.Minor94@funmail.com,Minor,Eulalie
Una.Pascia81,Una.Pascia81@testmail.com,Pascia,Una
Livia.Atalanti89,Livia.Atalanti89@goodmail.com,Atalanti,Livia
Georgie.Bertolde82,Georgie.Bertolde82@goodmail.com,Bertolde,Georgie
Cami.Proudman72,Cami.Proudman72@goodmail.com,Proudman,Cami
Matti.Mitzie92,Matti.Mitzie92@goodmail.com,Mitzie,Matti
Eolanda.Jestude91,Eolanda.Jestude91@funmail.com,Jestude,Eolanda
Mary.Freedman24,Mary.Freedman24@testmail.com,Freedman,Mary
Krissie.Longley10,Krissie.Longley10@testmail.com,Longley,Krissie
Estele.Alfreda28,Estele.Alfreda28@goodmail.com,Alfreda,Estele
Modestia.Hijoung2,Modestia.Hijoung2@goodmail.com,Hijoung,Modestia
Shaina.Clarinda40,Shaina.Clarinda40@funmail.com,Clarinda,Shaina
Janela.Rahm59,Janela.Rahm59@goodmail.com,Rahm,Janela
Calli.Barsky45,Calli.Barsky45@testmail.com,Barsky,Calli
Darrelle.Holton37,Darrelle.Holton37@testmail.com,Holton,Darrelle
Chicky.Kenn93,Chicky.Kenn93@testmail.com,Kenn,Chicky
Donny.Atkins39,Donny.Atkins39@goodmail.com,Atkins,Donny
Aggy.Lindgren68,Aggy.Lindgren68@goodmail.com,Lindgren,Aggy
Ronni.Sidras12,Ronni.Sidras12@goodmail.com,Sidras,Ronni
Muffin.Achilles14,Muffin.Achilles14@goodmail.com,Achilles,Muffin
Adelaida.Pearman53,Adelaida.Pearman53@funmail.com,Pearman,Adelaida
Melodee.Salvucci40,Melodee.Salvucci40@testmail.com,Salvucci,Melodee
Horatia.Pros69,Horatia.Pros69@goodmail.com,Pros,Horatia
Sharai.Nisse40,Sharai.Nisse40@goodmail.com,Nisse,Sharai
Lorilyn.Summer53,Lorilyn.Summer53@funmail.com,Summer,Lorilyn
Nadiya.Christina92,Nadiya.Christina92@funmail.com,Christina,Nadiya
Elyn.Graig58,Elyn.Graig58@goodmail.com,Graig,Elyn
Idaline.Shiff46,Idaline.Shiff46@funmail.com,Shiff,Idaline
Felipa.Mitman55,Felipa.Mitman55@funmail.com,Mitman,Felipa
Belva.Goldie35,Belva.Goldie35@goodmail.com,Goldie,Belva
Corette.Garretson79,Corette.Garretson79@testmail.com,Garretson,Corette
Lou.Gervais53,Lou.Gervais53@funmail.com,Gervais,Lou
Caroljean.Eskill46,Caroljean.Eskill46@goodmail.com,Eskill,Caroljean
Ruth.Webster89,Ruth.Webster89@goodmail.com,Webster,Ruth
Ashil.Fachini48,Ashil.Fachini48@goodmail.com,Fachini,Ashil
Wynne.Kerrie65,Wynne.Kerrie65@funmail.com,Kerrie,Wynne
Laureen.Sorilda3,Laureen.Sorilda3@goodmail.com,Sorilda,Laureen
Lu.Heather16,Lu.Heather16@goodmail.com,Heather,Lu
Eimile.Horowitz74,Eimile.Horowitz74@funmail.com,Horowitz,Eimile
Christye.Cristie56,Christye.Cristie56@goodmail.com,Cristie,Christye
Philippa.Dolley10,Philippa.Dolley10@funmail.com,Dolley,Philippa
Jaimie.Moll54,Jaimie.Moll54@funmail.com,Moll,Jaimie
Marie-Jeanne.Brittne94,Marie-Jeanne.Brittne94@goodmail.com,Brittne,Marie-Jeanne
Margi.Micheal55,Margi.Micheal55@funmail.com,Micheal,Margi
Cate.Judith6,Cate.Judith6@testmail.com,Judith,Cate
Daryn.Merat70,Daryn.Merat70@funmail.com,Merat,Daryn
Leslie.Fanchie37,Leslie.Fanchie37@testmail.com,Fanchie,Leslie
Chery.Paresh38,Chery.Paresh38@testmail.com,Paresh,Chery
Meggy.Kandy89,Meggy.Kandy89@testmail.com,Kandy,Meggy
Hadria.Zephan69,Hadria.Zephan69@testmail.com,Zephan,Hadria
Tamqrah.Fen26,Tamqrah.Fen26@goodmail.com,Fen,Tamqrah
Adel.Grier31,Adel.Grier31@testmail.com,Grier,Adel
Adey.Bouzoun9,Adey.Bouzoun9@goodmail.com,Bouzoun,Adey
Amelie.Eward40,Amelie.Eward40@funmail.com,Eward,Amelie
Jerrylee.Sudnor64,Jerrylee.Sudnor64@goodmail.com,Sudnor,Jerrylee
Riane.Joscelin98,Riane.Joscelin98@testmail.com,Joscelin,Riane
Jill.Nana81,Jill.Nana81@funmail.com,Nana,Jill
Noella.Cacilie74,Noella.Cacilie74@goodmail.com,Cacilie,Noella
Malia.Battista71,Malia.Battista71@funmail.com,Battista,Malia
Sunny.Luisa38,Sunny.Luisa38@funmail.com,Luisa,Sunny
Grissel.Polk30,Grissel.Polk30@testmail.com,Polk,Grissel
Veda.Bellaude17,Veda.Bellaude17@goodmail.com,Bellaude,Veda
Drusie.Lianne86,Drusie.Lianne86@testmail.com,Lianne,Drusie
Moria.Otter97,Moria.Otter97@funmail.com,Otter,Moria
Inger.Colbye27,Inger.Colbye27@funmail.com,Colbye,Inger
Alecia.Wei65,Alecia.Wei65@goodmail.com,Wei,Alecia
Dorolice.Julissa21,Dorolice.Julissa21@goodmail.com,Julissa,Dorolice
Rodi.Ellingston65,Rodi.Ellingston65@goodmail.com,Ellingston,Rodi
Sile.Sasnett39,Sile.Sasnett39@goodmail.com,Sasnett,Sile
Morgan.Zippel33,Morgan.Zippel33@testmail.com,Zippel,Morgan
Donnie.Averir21,Donnie.Averir21@testmail.com,Averir,Donnie
Lidia.Rock42,Lidia.Rock42@goodmail.com,Rock,Lidia
Nora.Meadow20,Nora.Meadow20@goodmail.com,Meadow,Nora
Clemmy.Golub56,Clemmy.Golub56@goodmail.com,Golub,Clemmy
Kendra.Savior5,Kendra.Savior5@goodmail.com,Savior,Kendra
Janella.Alva34,Janella.Alva34@funmail.com,Alva,Janella
Mariya.Brigit59,Mariya.Brigit59@testmail.com,Brigit,Mariya
Billye.Ridinger65,Billye.Ridinger65@funmail.com,Ridinger,Billye
Mavra.Kirst8,Mavra.Kirst8@testmail.com,Kirst,Mavra
Mei.Schultz18,Mei.Schultz18@goodmail.com,Schultz,Mei
Jobie.Caren53,Jobie.Caren53@goodmail.com,Caren,Jobie
Brynn.Singer98,Brynn.Singer98@testmail.com,Singer,Brynn
Engracia.Tutto69,Engracia.Tutto69@goodmail.com,Tutto,Engracia
Rasla.Humph4,Rasla.Humph4@testmail.com,Humph,Rasla
Abbi.Nicholas17,Abbi.Nicholas17@testmail.com,Nicholas,Abbi
Corie.Milburn88,Corie.Milburn88@goodmail.com,Milburn,Corie
Eustacia.Rudich93,Eustacia.Rudich93@testmail.com,Rudich,Eustacia
Phoebe.Rouvin63,Phoebe.Rouvin63@goodmail.com,Rouvin,Phoebe
Kelly.Aeriela28,Kelly.Aeriela28@testmail.com,Aeriela,Kelly
Karlie.Alain43,Karlie.Alain43@testmail.com,Alain,Karlie
Maggi.Shauna31,Maggi.Shauna31@funmail.com,Shauna,Maggi
Stephanie.Tobey15,Stephanie.Tobey15@funmail.com,Tobey,Stephanie
Rheba.Photima73,Rheba.Photima73@goodmail.com,Photima,Rheba
Charla.Els78,Charla.Els78@funmail.com,Els,Charla
Brigitta.Tracay56,Brigitta.Tracay56@goodmail.com,Tracay,Brigitta
Nadya.Aili86,Nadya.Aili86@testmail.com,Aili,Nadya
Rodi.Benildas46,Rodi.Benildas46@goodmail.com,Benildas,Rodi
Kylila.Squire9,Kylila.Squire9@testmail.com,Squire,Kylila
Irina.Belicia20,Irina.Belicia20@goodmail.com,Belicia,Irina
Vinni.Giverin10,Vinni.Giverin10@testmail.com,Giverin,Vinni
Bobina.Benetta45,Bobina.Benetta45@testmail.com,Benetta,Bobina
Lynnet.Farris58,Lynnet.Farris58@funmail.com,Farris,Lynnet
Raye.Sacha92,Raye.Sacha92@goodmail.com,Sacha,Raye
Arline.Docile45,Arline.Docile45@funmail.com,Docile,Arline
Rosemarie.Perpetua39,Rosemarie.Perpetua39@testmail.com,Perpetua,Rosemarie
Dasi.Harberd69,Dasi.Harberd69@funmail.com,Harberd,Dasi
Pris.Yokum67,Pris.Yokum67@goodmail.com,Yokum,Pris
Heidi.Yokoyama21,Heidi.Yokoyama21@funmail.com,Yokoyama,Heidi
Isabel.Avivah34,Isabel.Avivah34@goodmail.com,Avivah,Isabel
Gertrudis.Birgitta62,Gertrudis.Birgitta62@testmail.com,Birgitta,Gertrudis
Larine.Valoniah12,Larine.Valoniah12@goodmail.com,Valoniah,Larine
Gusella.Irina72,Gusella.Irina72@goodmail.com,Irina,Gusella
Astra.Dosi23,Astra.Dosi23@goodmail.com,Dosi,Astra
Guenevere.Poole34,Guenevere.Poole34@goodmail.com,Poole,Guenevere
Janith.Errol29,Janith.Errol29@testmail.com,Errol,Janith
Valentine.Eldin27,Valentine.Eldin27@goodmail.com,Eldin,Valentine
Lebbie.Osei49,Lebbie.Osei49@testmail.com,Osei,Lebbie
Cicily.Symons73,Cicily.Symons73@funmail.com,Symons,Cicily
Helaina.Althee70,Helaina.Althee70@goodmail.com,Althee,Helaina
Madelle.Brittnee24,Madelle.Brittnee24@testmail.com,Brittnee,Madelle
Lilian.MacLay84,Lilian.MacLay84@testmail.com,MacLay,Lilian
Rosemaria.Fineman78,Rosemaria.Fineman78@testmail.com,Fineman,Rosemaria
Lizabeth.Fredela56,Lizabeth.Fredela56@goodmail.com,Fredela,Lizabeth
Roselin.Grantland60,Roselin.Grantland60@goodmail.com,Grantland,Roselin
Dorotea.Jegger11,Dorotea.Jegger11@funmail.com,Jegger,Dorotea
Ester.Jeffry79,Ester.Jeffry79@testmail.com,Jeffry,Ester
Dyan.Dreyer75,Dyan.Dreyer75@funmail.com,Dreyer,Dyan
Lidia.Norvun90,Lidia.Norvun90@goodmail.com,Norvun,Lidia
Gilberte.Viguerie67,Gilberte.Viguerie67@testmail.com,Viguerie,Gilberte
Dode.Sundin90,Dode.Sundin90@testmail.com,Sundin,Dode
Anatola.Jaquith61,Anatola.Jaquith61@funmail.com,Jaquith,Anatola
Kathye.Judye16,Kathye.Judye16@testmail.com,Judye,Kathye
Joanie.Sharpe24,Joanie.Sharpe24@funmail.com,Sharpe,Joanie
Jenine.Amena59,Jenine.Amena59@funmail.com,Amena,Jenine
Roseann.Dryfoos62,Roseann.Dryfoos62@funmail.com,Dryfoos,Roseann
Nicholle.Alleris73,Nicholle.Alleris73@funmail.com,Alleris,Nicholle
Addi.Roberta37,Addi.Roberta37@funmail.com,Roberta,Addi
Nance.Raimondo83,Nance.Raimondo83@goodmail.com,Raimondo,Nance
Hyacinthe.Tiloine32,Hyacinthe.Tiloine32@testmail.com,Tiloine,Hyacinthe
Federica.Freddy55,Federica.Freddy55@funmail.com,Freddy,Federica
Doti.Tutt48,Doti.Tutt48@testmail.com,Tutt,Doti
Lilias.Duffy89,Lilias.Duffy89@testmail.com,Duffy,Lilias
Genovera.Giovanni15,Genovera.Giovanni15@testmail.com,Giovanni,Genovera
April.Gawen25,April.Gawen25@funmail.com,Gawen,April
Janelle.Rudich73,Janelle.Rudich73@testmail.com,Rudich,Janelle
Lindsy.Priest89,Lindsy.Priest89@goodmail.com,Priest,Lindsy
Wrennie.Cykana68,Wrennie.Cykana68@testmail.com,Cykana,Wrennie
Dale.Cosmo68,Dale.Cosmo68@goodmail.com,Cosmo,Dale
Maxy.Mozelle87,Maxy.Mozelle87@funmail.com,Mozelle,Maxy
Gerrie.Sexton79,Gerrie.Sexton79@goodmail.com,Sexton,Gerrie
Virginia.Seen65,Virginia.Seen65@testmail.com,Seen,Virginia
Jeanine.Genet51,Jeanine.Genet51@funmail.com,Genet,Jeanine
Merilyn.Giguere53,Merilyn.Giguere53@funmail.com,Giguere,Merilyn
Sallee.Georgie17,Sallee.Georgie17@goodmail.com,Georgie,Sallee
Ilene.Sergio1,Ilene.Sergio1@goodmail.com,Sergio,Ilene
Kaela.Feriga6,Kaela.Feriga6@funmail.com,Feriga,Kaela
Elane.Viviyan28,Elane.Viviyan28@goodmail.com,Viviyan,Elane
Oralle.Goddord86,Oralle.Goddord86@funmail.com,Goddord,Oralle
Marris.Cecilio95,Marris.Cecilio95@goodmail.com,Cecilio,Marris
Abigael.Baptlsta46,Abigael.Baptlsta46@testmail.com,Baptlsta,Abigael
Chryste.Wimsatt59,Chryste.Wimsatt59@goodmail.com,Wimsatt,Chryste
Dniren.Moritz52,Dniren.Moritz52@testmail.com,Moritz,Dniren
Darci.Pitzer65,Darci.Pitzer65@testmail.com,Pitzer,Darci
Laural.Scever97,Laural.Scever97@goodmail.com,Scever,Laural
Indira.Kiyoshi30,Indira.Kiyoshi30@funmail.com,Kiyoshi,Indira
Kaye.Kiefer95,Kaye.Kiefer95@funmail.com,Kiefer,Kaye
Cora.Zarger49,Cora.Zarger49@goodmail.com,Zarger,Cora
Margarette.Dolora70,Margarette.Dolora70@funmail.com,Dolora,Margarette
Kata.Scotti51,Kata.Scotti51@funmail.com,Scotti,Kata
Clareta.Manly18,Clareta.Manly18@testmail.com,Manly,Clareta
Ardis.Kendra52,Ardis.Kendra52@testmail.com,Kendra,Ardis
Jonie.Ivetts15,Jonie.Ivetts15@goodmail.com,Ivetts,Jonie
Loraine.Nickey57,Loraine.Nickey57@funmail.com,Nickey,Loraine
Aura.Lynnett93,Aura.Lynnett93@testmail.com,Lynnett,Aura
Quinn.Nickolai5,Quinn.Nickolai5@funmail.com,Nickolai,Quinn
Anette.Bourgeois68,Anette.Bourgeois68@funmail.com,Bourgeois,Anette
Marilin.Shelagh52,Marilin.Shelagh52@funmail.com,Shelagh,Marilin
Friederike.Adamok57,Friederike.Adamok57@funmail.com,Adamok,Friederike
Rhoda.Terti59,Rhoda.Terti59@testmail.com,Terti,Rhoda
Janean.Rosen28,Janean.Rosen28@testmail.com,Rosen,Janean
Ardene.Filmore25,Ardene.Filmore25@testmail.com,Filmore,Ardene
Silvana.Waddell64,Silvana.Waddell64@testmail.com,Waddell,Silvana
Cheryl.Maite79,Cheryl.Maite79@goodmail.com,Maite,Cheryl
Morgen.Hetti71,Morgen.Hetti71@funmail.com,Hetti,Morgen
Philippe.Pasquale45,Philippe.Pasquale45@testmail.com,Pasquale,Philippe
Bonnee.Goldstein45,Bonnee.Goldstein45@testmail.com,Goldstein,Bonnee
Suzette.Meibers84,Suzette.Meibers84@goodmail.com,Meibers,Suzette
Karlen.Orfinger54,Karlen.Orfinger54@funmail.com,Orfinger,Karlen
Amie.Cleaves49,Amie.Cleaves49@testmail.com,Cleaves,Amie
Harli.Grosberg75,Harli.Grosberg75@goodmail.com,Grosberg,Harli
Teddie.Ruzich67,Teddie.Ruzich67@funmail.com,Ruzich,Teddie
Ansley.Chisholm31,Ansley.Chisholm31@funmail.com,Chisholm,Ansley
Noelle.Armillia39,Noelle.Armillia39@funmail.com,Armillia,Noelle
Emmalynn.Seligmann35,Emmalynn.Seligmann35@funmail.com,Seligmann,Emmalynn
Vanda.Dorelle54,Vanda.Dorelle54@funmail.com,Dorelle,Vanda
Rahal.Rosabelle88,Rahal.Rosabelle88@goodmail.com,Rosabelle,Rahal
Tate.Chouest75,Tate.Chouest75@funmail.com,Chouest,Tate
Melosa.Hahnke77,Melosa.Hahnke77@funmail.com,Hahnke,Melosa
Jacqueline.Gare38,Jacqueline.Gare38@testmail.com,Gare,Jacqueline
Terra.Dianemarie12,Terra.Dianemarie12@testmail.com,Dianemarie,Terra
Beret.Pelletier4,Beret.Pelletier4@funmail.com,Pelletier,Beret
Pammy.Jilli31,Pammy.Jilli31@testmail.com,Jilli,Pammy
Shirley.Manouch66,Shirley.Manouch66@goodmail.com,Manouch,Shirley
Fenelia.Taka10,Fenelia.Taka10@goodmail.com,Taka,Fenelia
Theadora.Aenneea80,Theadora.Aenneea80@goodmail.com,Aenneea,Theadora
Uta.Etta2,Uta.Etta2@funmail.com,Etta,Uta
Minda.Hanford86,Minda.Hanford86@goodmail.com,Hanford,Minda
Kirbie.Mindy27,Kirbie.Mindy27@goodmail.com,Mindy,Kirbie
Kalindi.Hosbein70,Kalindi.Hosbein70@testmail.com,Hosbein,Kalindi
Kamila.Lynnette24,Kamila.Lynnette24@goodmail.com,Lynnette,Kamila
Emma.Capp86,Emma.Capp86@goodmail.com,Capp,Emma
Cassandra.Welby85,Cassandra.Welby85@funmail.com,Welby,Cassandra
Juanita.Wilkens59,Juanita.Wilkens59@funmail.com,Wilkens,Juanita
Koren.Jehanna34,Koren.Jehanna34@goodmail.com,Jehanna,Koren
Ulrike.Mignon53,Ulrike.Mignon53@funmail.com,Mignon,Ulrike
Rayna.Abraham94,Rayna.Abraham94@goodmail.com,Abraham,Rayna
Lacie.Sathrum46,Lacie.Sathrum46@funmail.com,Sathrum,Lacie
Georgina.Flowers4,Georgina.Flowers4@funmail.com,Flowers,Georgina
Rachelle.Ahmed97,Rachelle.Ahmed97@funmail.com,Ahmed,Rachelle
Xylia.Boorer8,Xylia.Boorer8@funmail.com,Boorer,Xylia
Bettina.Jayne12,Bettina.Jayne12@testmail.com,Jayne,Bettina
Mair.Hovey12,Mair.Hovey12@goodmail.com,Hovey,Mair
Stefania.Winther45,Stefania.Winther45@testmail.com,Winther,Stefania
Eva.Grissom3,Eva.Grissom3@goodmail.com,Grissom,Eva
Muire.Charline60,Muire.Charline60@funmail.com,Charline,Muire
Chiquita.Averir57,Chiquita.Averir57@funmail.com,Averir,Chiquita
Iona.Timothea51,Iona.Timothea51@goodmail.com,Timothea,Iona
Kitti.Rothberg33,Kitti.Rothberg33@funmail.com,Rothberg,Kitti
Lezlie.Candide38,Lezlie.Candide38@goodmail.com,Candide,Lezlie
Nadean.Pantin27,Nadean.Pantin27@goodmail.com,Pantin,Nadean
Ruthi.Meyeroff66,Ruthi.Meyeroff66@funmail.com,Meyeroff,Ruthi
Patrice.Levison1,Patrice.Levison1@funmail.com,Levison,Patrice
Nina.Fairman33,Nina.Fairman33@goodmail.com,Fairman,Nina
Starlin.Levin29,Starlin.Levin29@testmail.com,Levin,Starlin
Steffi.Bergen24,Steffi.Bergen24@funmail.com,Bergen,Steffi
Maud.Granniah92,Maud.Granniah92@funmail.com,Granniah,Maud
Chere.Cappella8,Chere.Cappella8@testmail.com,Cappella,Chere
Nani.Shari32,Nani.Shari32@testmail.com,Shari,Nani
Iolande.Marieann58,Iolande.Marieann58@goodmail.com,Marieann,Iolande
Josselyn.Cathy82,Josselyn.Cathy82@funmail.com,Cathy,Josselyn
Aprilette.Cissiee92,Aprilette.Cissiee92@goodmail.com,Cissiee,Aprilette
Avie.Hanfurd59,Avie.Hanfurd59@goodmail.com,Hanfurd,Avie
Jesselyn.Humpage75,Jesselyn.Humpage75@testmail.com,Humpage,Jesselyn
Bryn.Brozak4,Bryn.Brozak4@testmail.com,Brozak,Bryn
Megan.Aluin65,Megan.Aluin65@goodmail.com,Aluin,Megan
Eve.Alain61,Eve.Alain61@goodmail.com,Alain,Eve
Adorne.Adel98,Adorne.Adel98@goodmail.com,Adel,Adorne
Lona.Meadows23,Lona.Meadows23@testmail.com,Meadows,Lona
Deeann.Risser15,Deeann.Risser15@testmail.com,Risser,Deeann
Lanny.Iyre93,Lanny.Iyre93@funmail.com,Iyre,Lanny
Dynah.Mort41,Dynah.Mort41@testmail.com,Mort,Dynah
Naomi.Dacey66,Naomi.Dacey66@goodmail.com,Dacey,Naomi
Dorise.Bernardi49,Dorise.Bernardi49@goodmail.com,Bernardi,Dorise
Ilysa.Lennie38,Ilysa.Lennie38@funmail.com,Lennie,Ilysa
Flory.Hatfield83,Flory.Hatfield83@testmail.com,Hatfield,Flory
Arluene.Cutlor89,Arluene.Cutlor89@goodmail.com,Cutlor,Arluene
Bobette.Pyle42,Bobette.Pyle42@funmail.com,Pyle,Bobette
Sisile.Sidnee78,Sisile.Sidnee78@funmail.com,Sidnee,Sisile
Fey.Keelin54,Fey.Keelin54@goodmail.com,Keelin,Fey
Ailene.Tisbe83,Ailene.Tisbe83@testmail.com,Tisbe,Ailene
Ailina.Feinleib28,Ailina.Feinleib28@funmail.com,Feinleib,Ailina
Marena.Lenard73,Marena.Lenard73@funmail.com,Lenard,Marena
Lainey.Raycher63,Lainey.Raycher63@testmail.com,Raycher,Lainey
Gleda.England82,Gleda.England82@testmail.com,England,Gleda
Ebba.Hamer71,Ebba.Hamer71@funmail.com,Hamer,Ebba
Alfy.Shoemaker7,Alfy.Shoemaker7@goodmail.com,Shoemaker,Alfy
Josselyn.Hedwig42,Josselyn.Hedwig42@testmail.com,Hedwig,Josselyn
Katharine.Lynnette77,Katharine.Lynnette77@testmail.com,Lynnette,Katharine
Jacquie.Esme99,Jacquie.Esme99@funmail.com,Esme,Jacquie
Anne-Corinne.Lenette12,Anne-Corinne.Lenette12@goodmail.com,Lenette,Anne-Corinne
Wendy.Peg99,Wendy.Peg99@goodmail.com,Peg,Wendy
Nedi.Brunella50,Nedi.Brunella50@testmail.com,Brunella,Nedi
Cherri.Anny43,Cherri.Anny43@goodmail.com,Anny,Cherri
Ediva.Stent35,Ediva.Stent35@goodmail.com,Stent,Ediva
Enrika.Licht63,Enrika.Licht63@goodmail.com,Licht,Enrika
Jessica.Hooge8,Jessica.Hooge8@testmail.com,Hooge,Jessica
Zora.Seadon11,Zora.Seadon11@testmail.com,Seadon,Zora
Gilberta.Shirk55,Gilberta.Shirk55@goodmail.com,Shirk,Gilberta
Elisabeth.Maurizia73,Elisabeth.Maurizia73@testmail.com,Maurizia,Elisabeth
Giustina.Olette94,Giustina.Olette94@goodmail.com,Olette,Giustina
Kathryne.Fusco29,Kathryne.Fusco29@funmail.com,Fusco,Kathryne
Lesley.Danuloff35,Lesley.Danuloff35@testmail.com,Danuloff,Lesley
Rey.Reinwald58,Rey.Reinwald58@testmail.com,Reinwald,Rey
Robbyn.Jo8,Robbyn.Jo8@funmail.com,Jo,Robbyn
Britni.Ita13,Britni.Ita13@funmail.com,Ita,Britni
Vitoria.Jochbed2,Vitoria.Jochbed2@funmail.com,Jochbed,Vitoria
Trudi.Karlise38,Trudi.Karlise38@goodmail.com,Karlise,Trudi
Meghan.Kristan36,Meghan.Kristan36@goodmail.com,Kristan,Meghan
Eryn.Catherin58,Eryn.Catherin58@funmail.com,Catherin,Eryn
Maureene.Edva58,Maureene.Edva58@funmail.com,Edva,Maureene
Loella.Yolanthe17,Loella.Yolanthe17@goodmail.com,Yolanthe,Loella
Augustina.Jackie38,Augustina.Jackie38@goodmail.com,Jackie,Augustina
Laetitia.Thom77,Laetitia.Thom77@funmail.com,Thom,Laetitia
Aloisia.Sumer97,Aloisia.Sumer97@funmail.com,Sumer,Aloisia
Petronella.MacSwan49,Petronella.MacSwan49@goodmail.com,MacSwan,Petronella
Jodi.Lobel9,Jodi.Lobel9@testmail.com,Lobel,Jodi
Allie.Maryl50,Allie.Maryl50@funmail.com,Maryl,Allie
Theodora.Eldoria90,Theodora.Eldoria90@testmail.com,Eldoria,Theodora
Juliette.Manfred87,Juliette.Manfred87@testmail.com,Manfred,Juliette
Marchelle.Bruner4,Marchelle.Bruner4@testmail.com,Bruner,Marchelle
Giulietta.Lally5,Giulietta.Lally5@funmail.com,Lally,Giulietta
Charyl.Thurber34,Charyl.Thurber34@funmail.com,Thurber,Charyl
Perry.Andrus55,Perry.Andrus55@testmail.com,Andrus,Perry
Wendeline.Dumond26,Wendeline.Dumond26@goodmail.com,Dumond,Wendeline
Maressa.Roskes45,Maressa.Roskes45@testmail.com,Roskes,Maressa
Neille.Wellington24,Neille.Wellington24@funmail.com,Wellington,Neille
Ronny.Burgener36,Ronny.Burgener36@funmail.com,Burgener,Ronny
Kandy.Lilias35,Kandy.Lilias35@testmail.com,Lilias,Kandy
Hester.Rab87,Hester.Rab87@testmail.com,Rab,Hester
Georgine.McLeod96,Georgine.McLeod96@testmail.com,McLeod,Georgine
Vivia.Jann82,Vivia.Jann82@goodmail.com,Jann,Vivia
Calla.Eartha6,Calla.Eartha6@goodmail.com,Eartha,Calla
Dorise.Finn37,Dorise.Finn37@goodmail.com,Finn,Dorise
Ingeberg.Pammy53,Ingeberg.Pammy53@testmail.com,Pammy,Ingeberg
Keriann.Markus4,Keriann.Markus4@goodmail.com,Markus,Keriann
Ailsun.Helbonnah39,Ailsun.Helbonnah39@testmail.com,Helbonnah,Ailsun
Wendi.Anjali23,Wendi.Anjali23@testmail.com,Anjali,Wendi
Aarika.Flosser64,Aarika.Flosser64@goodmail.com,Flosser,Aarika
Letitia.Lamp19,Letitia.Lamp19@funmail.com,Lamp,Letitia
Sabrina.Rovner15,Sabrina.Rovner15@goodmail.com,Rovner,Sabrina
Nelli.Yun50,Nelli.Yun50@funmail.com,Yun,Nelli
Joby.Alegre49,Joby.Alegre49@funmail.com,Alegre,Joby
Gilberta.Zumwalt95,Gilberta.Zumwalt95@goodmail.com,Zumwalt,Gilberta
Charmion.Landry98,Charmion.Landry98@goodmail.com,Landry,Charmion
Zia.Tayler84,Zia.Tayler84@goodmail.com,Tayler,Zia
Bendite.Georglana74,Bendite.Georglana74@funmail.com,Georglana,Bendite
Brear.Augustin16,Brear.Augustin16@funmail.com,Augustin,Brear
Drona.Bigg10,Drona.Bigg10@funmail.com,Bigg,Drona
Janet.King24,Janet.King24@testmail.com,King,Janet
Jacki.Marlo33,Jacki.Marlo33@funmail.com,Marlo,Jacki
Cathryn.Per76,Cathryn.Per76@funmail.com,Per,Cathryn
Nina.Zacharias8,Nina.Zacharias8@goodmail.com,Zacharias,Nina
Laurena.Gitel3,Laurena.Gitel3@testmail.com,Gitel,Laurena
Alexandrina.Weyermann2,Alexandrina.Weyermann2@testmail.com,Weyermann,Alexandrina
Shandy.Imogene7,Shandy.Imogene7@testmail.com,Imogene,Shandy
Janel.Chemaram92,Janel.Chemaram92@goodmail.com,Chemaram,Janel
Kristen.Sorilda72,Kristen.Sorilda72@testmail.com,Sorilda,Kristen
Cyndy.Lundeen36,Cyndy.Lundeen36@funmail.com,Lundeen,Cyndy
Wandie.Danell10,Wandie.Danell10@funmail.com,Danell,Wandie
Van.Brynn91,Van.Brynn91@funmail.com,Brynn,Van
Rhianna.Burchett19,Rhianna.Burchett19@goodmail.com,Burchett,Rhianna
Theodora.Thomajan12,Theodora.Thomajan12@goodmail.com,Thomajan,Theodora
Rodie.Oletha39,Rodie.Oletha39@goodmail.com,Oletha,Rodie
Domeniga.Gould90,Domeniga.Gould90@funmail.com,Gould,Domeniga
Esta.Adar16,Esta.Adar16@goodmail.com,Adar,Esta
Rica.Duffie71,Rica.Duffie71@testmail.com,Duffie,Rica
Elbertine.Oralia93,Elbertine.Oralia93@testmail.com,Oralia,Elbertine
Lauri.Rheims85,Lauri.Rheims85@funmail.com,Rheims,Lauri
Hatti.Liv17,Hatti.Liv17@testmail.com,Liv,Hatti
Eadith.Fifi34,Eadith.Fifi34@goodmail.com,Fifi,Eadith
Lynnell.Delwin6,Lynnell.Delwin6@goodmail.com,Delwin,Lynnell
Laverne.Kelsi12,Laverne.Kelsi12@funmail.com,Kelsi,Laverne
Denice.Cromwell82,Denice.Cromwell82@funmail.com,Cromwell,Denice
Carena.Lamond72,Carena.Lamond72@goodmail.com,Lamond,Carena
Ottilie.Kelvin23,Ottilie.Kelvin23@funmail.com,Kelvin,Ottilie
Alyss.Gustin59,Alyss.Gustin59@funmail.com,Gustin,Alyss
Isabelita.Jake34,Isabelita.Jake34@testmail.com,Jake,Isabelita
Meriel.Chu75,Meriel.Chu75@goodmail.com,Chu,Meriel
Johna.Schreibe25,Johna.Schreibe25@goodmail.com,Schreibe,Johna
Hailee.Jopa97,Hailee.Jopa97@funmail.com,Jopa,Hailee
Kirbee.Ariadne19,Kirbee.Ariadne19@funmail.com,Ariadne,Kirbee
Philippine.Norrv80,Philippine.Norrv80@funmail.com,Norrv,Philippine
Fanechka.Dorelia72,Fanechka.Dorelia72@testmail.com,Dorelia,Fanechka
Geri.Arnold56,Geri.Arnold56@testmail.com,Arnold,Geri
Aundrea.Irvin7,Aundrea.Irvin7@funmail.com,Irvin,Aundrea
Jorry.Timmi60,Jorry.Timmi60@testmail.com,Timmi,Jorry
Melisenda.Vastha76,Melisenda.Vastha76@testmail.com,Vastha,Melisenda
Fayette.Lampert69,Fayette.Lampert69@funmail.com,Lampert,Fayette
Druci.Morrie75,Druci.Morrie75@testmail.com,Morrie,Druci
Karalee.Scibert70,Karalee.Scibert70@goodmail.com,Scibert,Karalee
Fleurette.Benia75,Fleurette.Benia75@goodmail.com,Benia,Fleurette
Estele.Geddes57,Estele.Geddes57@testmail.com,Geddes,Estele
Tine.Lynnelle94,Tine.Lynnelle94@goodmail.com,Lynnelle,Tine
Renell.Romy8,Renell.Romy8@funmail.com,Romy,Renell
Nadeen.Mallina32,Nadeen.Mallina32@testmail.com,Mallina,Nadeen
Sile.Lehmann82,Sile.Lehmann82@goodmail.com,Lehmann,Sile
Lita.Bradney70,Lita.Bradney70@testmail.com,Bradney,Lita
Farica.Elata71,Farica.Elata71@testmail.com,Elata,Farica
Ariela.Norwood57,Ariela.Norwood57@goodmail.com,Norwood,Ariela
Benedetta.Zola9,Benedetta.Zola9@funmail.com,Zola,Benedetta
Marsha.Bergmans47,Marsha.Bergmans47@funmail.com,Bergmans,Marsha
Masha.Seward58,Masha.Seward58@funmail.com,Seward,Masha
Consuelo.Pedaiah46,Consuelo.Pedaiah46@testmail.com,Pedaiah,Consuelo
Idell.Vittorio68,Idell.Vittorio68@goodmail.com,Vittorio,Idell
Elisabet.Kylah28,Elisabet.Kylah28@goodmail.com,Kylah,Elisabet
Susette.Laural50,Susette.Laural50@testmail.com,Laural,Susette
Ansley.June9,Ansley.June9@funmail.com,June,Ansley
Brande.Cyrilla34,Brande.Cyrilla34@goodmail.com,Cyrilla,Brande
Debor.Razid55,Debor.Razid55@goodmail.com,Razid,Debor
Paulette.Ernaline16,Paulette.Ernaline16@goodmail.com,Ernaline,Paulette
Eilis.Wearing58,Eilis.Wearing58@goodmail.com,Wearing,Eilis
Juliette.Ailin32,Juliette.Ailin32@testmail.com,Ailin,Juliette
Shani.Muscolo72,Shani.Muscolo72@goodmail.com,Muscolo,Shani
Emmy.Cyler7,Emmy.Cyler7@goodmail.com,Cyler,Emmy
Delia.Nereus89,Delia.Nereus89@testmail.com,Nereus,Delia
Wandie.McCowyn62,Wandie.McCowyn62@funmail.com,McCowyn,Wandie
Gabey.Broder55,Gabey.Broder55@funmail.com,Broder,Gabey
Dennie.Salena27,Dennie.Salena27@funmail.com,Salena,Dennie
Anestassia.Tremml13,Anestassia.Tremml13@testmail.com,Tremml,Anestassia
Carmela.Kovacev78,Carmela.Kovacev78@funmail.com,Kovacev,Carmela
Emmalyn.Bose72,Emmalyn.Bose72@testmail.com,Bose,Emmalyn
Goldi.Janette32,Goldi.Janette32@testmail.com,Janette,Goldi
Tami.Durward86,Tami.Durward86@goodmail.com,Durward,Tami
Tuesday.Marienthal86,Tuesday.Marienthal86@goodmail.com,Marienthal,Tuesday
Lanni.Beniamino88,Lanni.Beniamino88@testmail.com,Beniamino,Lanni
Brooke.Fante62,Brooke.Fante62@funmail.com,Fante,Brooke
Rosabella.Pylle25,Rosabella.Pylle25@goodmail.com,Pylle,Rosabella
Celia.Kreegar83,Celia.Kreegar83@testmail.com,Kreegar,Celia
Felisha.Tallu19,Felisha.Tallu19@goodmail.com,Tallu,Felisha
Aubree.Charles48,Aubree.Charles48@goodmail.com,Charles,Aubree
Janeen.Hulton23,Janeen.Hulton23@goodmail.com,Hulton,Janeen
Amalita.Kailey40,Amalita.Kailey40@funmail.com,Kailey,Amalita
Daisi.Yazbak73,Daisi.Yazbak73@funmail.com,Yazbak,Daisi
Rayna.Hersh26,Rayna.Hersh26@goodmail.com,Hersh,Rayna
Cassondra.Sascha66,Cassondra.Sascha66@funmail.com,Sascha,Cassondra
Corly.Grider67,Corly.Grider67@testmail.com,Grider,Corly
Malva.Kaitlynn99,Malva.Kaitlynn99@testmail.com,Kaitlynn,Malva
Devonna.Alcinia26,Devonna.Alcinia26@testmail.com,Alcinia,Devonna
Addi.Shalom25,Addi.Shalom25@funmail.com,Shalom,Addi
Kirbee.Filberto47,Kirbee.Filberto47@goodmail.com,Filberto,Kirbee
Joelynn.McLeod86,Joelynn.McLeod86@funmail.com,McLeod,Joelynn
Cindra.Karlyn24,Cindra.Karlyn24@testmail.com,Karlyn,Cindra
Clementina.Dredi95,Clementina.Dredi95@goodmail.com,Dredi,Clementina
Mersey.Laurens6,Mersey.Laurens6@funmail.com,Laurens,Mersey
Abbie.Kissel77,Abbie.Kissel77@goodmail.com,Kissel,Abbie
Patrizia.Triley27,Patrizia.Triley27@testmail.com,Triley,Patrizia
Cordi.Kella77,Cordi.Kella77@funmail.com,Kella,Cordi
Chery.Daphna35,Chery.Daphna35@funmail.com,Daphna,Chery
Erin.Reel33,Erin.Reel33@testmail.com,Reel,Erin
Edythe.Teteak59,Edythe.Teteak59@goodmail.com,Teteak,Edythe
Katalin.Gavin1,Katalin.Gavin1@funmail.com,Gavin,Katalin
Thalia.Pape18,Thalia.Pape18@goodmail.com,Pape,Thalia
Leanora.Stewart16,Leanora.Stewart16@funmail.com,Stewart,Leanora
Millicent.Lorenza52,Millicent.Lorenza52@funmail.com,Lorenza,Millicent
Anya.Bust52,Anya.Bust52@funmail.com,Bust,Anya
Laurena.Philander93,Laurena.Philander93@funmail.com,Philander,Laurena
Gwendolyn.Mallis13,Gwendolyn.Mallis13@funmail.com,Mallis,Gwendolyn
Hyacinthia.Annmarie89,Hyacinthia.Annmarie89@testmail.com,Annmarie,Hyacinthia
Paulina.Adalie26,Paulina.Adalie26@goodmail.com,Adalie,Paulina
Candice.Ashlee80,Candice.Ashlee80@goodmail.com,Ashlee,Candice
Isidora.Dove2,Isidora.Dove2@funmail.com,Dove,Isidora
Harley.Liebowitz3,Harley.Liebowitz3@goodmail.com,Liebowitz,Harley
Rubetta.Maurise34,Rubetta.Maurise34@goodmail.com,Maurise,Rubetta
Mariska.Sturdivant31,Mariska.Sturdivant31@goodmail.com,Sturdivant,Mariska
Kristyn.Kapor85,Kristyn.Kapor85@funmail.com,Kapor,Kristyn
Rosalyn.Luht38,Rosalyn.Luht38@testmail.com,Luht,Rosalyn
Etheline.Yahiya80,Etheline.Yahiya80@funmail.com,Yahiya,Etheline
Zorine.Sauers19,Zorine.Sauers19@testmail.com,Sauers,Zorine
Aline.Vories76,Aline.Vories76@goodmail.com,Vories,Aline
Alejandrina.Venita24,Alejandrina.Venita24@testmail.com,Venita,Alejandrina
Ettie.Jami96,Ettie.Jami96@funmail.com,Jami,Ettie
Denny.Richey48,Denny.Richey48@testmail.com,Richey,Denny
Dasie.Myron68,Dasie.Myron68@goodmail.com,Myron,Dasie
Cinda.Eliades93,Cinda.Eliades93@testmail.com,Eliades,Cinda
Silvia.Birmingham50,Silvia.Birmingham50@funmail.com,Birmingham,Silvia
Loria.Morell64,Loria.Morell64@goodmail.com,Morell,Loria
Zenia.Laurin10,Zenia.Laurin10@testmail.com,Laurin,Zenia
Iormina.Ihab51,Iormina.Ihab51@goodmail.com,Ihab,Iormina
Ameline.Holna22,Ameline.Holna22@testmail.com,Holna,Ameline
Adiana.Fairlie75,Adiana.Fairlie75@funmail.com,Fairlie,Adiana
Freida.Gaw33,Freida.Gaw33@goodmail.com,Gaw,Freida
Rosalinde.Engud19,Rosalinde.Engud19@testmail.com,Engud,Rosalinde
Aurel.Haydon73,Aurel.Haydon73@testmail.com,Haydon,Aurel
Sibella.Channing92,Sibella.Channing92@testmail.com,Channing,Sibella
Quinn.Arlene45,Quinn.Arlene45@testmail.com,Arlene,Quinn
Rachel.Jankey31,Rachel.Jankey31@funmail.com,Jankey,Rachel
Sileas.Hose2,Sileas.Hose2@testmail.com,Hose,Sileas
Orsa.Adalheid57,Orsa.Adalheid57@funmail.com,Adalheid,Orsa
Loutitia.Argile13,Loutitia.Argile13@funmail.com,Argile,Loutitia
Donetta.Pompea89,Donetta.Pompea89@testmail.com,Pompea,Donetta
Tiertza.Yule36,Tiertza.Yule36@testmail.com,Yule,Tiertza
Marlyn.Norvan44,Marlyn.Norvan44@goodmail.com,Norvan,Marlyn
Merola.Kind63,Merola.Kind63@testmail.com,Kind,Merola
Allie.Prudence86,Allie.Prudence86@testmail.com,Prudence,Allie
Lebbie.Adelaida39,Lebbie.Adelaida39@funmail.com,Adelaida,Lebbie
Reena.Brott1,Reena.Brott1@funmail.com,Brott,Reena
Charlotte.Zischke1,Charlotte.Zischke1@funmail.com,Zischke,Charlotte
Sheri.Melosa50,Sheri.Melosa50@funmail.com,Melosa,Sheri
Petra.Monahon17,Petra.Monahon17@testmail.com,Monahon,Petra
Farand.Kolva32,Farand.Kolva32@testmail.com,Kolva,Farand
Berny.Tubb32,Berny.Tubb32@testmail.com,Tubb,Berny
Corie.Warchaw63,Corie.Warchaw63@testmail.com,Warchaw,Corie
Jewel.Wachtel81,Jewel.Wachtel81@goodmail.com,Wachtel,Jewel
Shayla.Stuckey30,Shayla.Stuckey30@goodmail.com,Stuckey,Shayla
Lynnelle.Elfstan77,Lynnelle.Elfstan77@funmail.com,Elfstan,Lynnelle
Rakel.Arnon70,Rakel.Arnon70@funmail.com,Arnon,Rakel
Althea.Garald97,Althea.Garald97@testmail.com,Garald,Althea
Sybilla.Plath46,Sybilla.Plath46@goodmail.com,Plath,Sybilla
Anna-Maria.Drusus57,Anna-Maria.Drusus57@goodmail.com,Drusus,Anna-Maria
Tobe.Kavanaugh99,Tobe.Kavanaugh99@goodmail.com,Kavanaugh,Tobe
Dredi.Kerstin33,Dredi.Kerstin33@testmail.com,Kerstin,Dredi
Sidonnie.Bambi70,Sidonnie.Bambi70@testmail.com,Bambi,Sidonnie
Nydia.Langelo69,Nydia.Langelo69@testmail.com,Langelo,Nydia
Bili.Larrie66,Bili.Larrie66@goodmail.com,Larrie,Bili
Lyn.Ehudd89,Lyn.Ehudd89@goodmail.com,Ehudd,Lyn
Rochell.Claudius98,Rochell.Claudius98@funmail.com,Claudius,Rochell
Ayn.Rossner61,Ayn.Rossner61@funmail.com,Rossner,Ayn
Sib.Barrada64,Sib.Barrada64@funmail.com,Barrada,Sib
Marsiella.Freemon64,Marsiella.Freemon64@funmail.com,Freemon,Marsiella
Agata.Melisenda27,Agata.Melisenda27@testmail.com,Melisenda,Agata
Esmaria.Sydel21,Esmaria.Sydel21@goodmail.com,Sydel,Esmaria
Marika.Giorgio5,Marika.Giorgio5@funmail.com,Giorgio,Marika
Sisely.Lawrenson31,Sisely.Lawrenson31@goodmail.com,Lawrenson,Sisely
Carlyn.Sarchet62,Carlyn.Sarchet62@funmail.com,Sarchet,Carlyn
Paloma.Tarah9,Paloma.Tarah9@testmail.com,Tarah,Paloma
Vivie.Cohn46,Vivie.Cohn46@goodmail.com,Cohn,Vivie
Marcella.Howzell3,Marcella.Howzell3@goodmail.com,Howzell,Marcella
Katharine.McKale94,Katharine.McKale94@funmail.com,McKale,Katharine
Henriette.Ezaria74,Henriette.Ezaria74@goodmail.com,Ezaria,Henriette
Effie.Cleary81,Effie.Cleary81@funmail.com,Cleary,Effie
Dasya.Kulsrud5,Dasya.Kulsrud5@testmail.com,Kulsrud,Dasya
Kalila.Zoi54,Kalila.Zoi54@goodmail.com,Zoi,Kalila
Kym.Mahalia23,Kym.Mahalia23@goodmail.com,Mahalia,Kym
Hedda.Alfie63,Hedda.Alfie63@goodmail.com,Alfie,Hedda
Norene.Tatianas56,Norene.Tatianas56@funmail.com,Tatianas,Norene
Bird.Fanchet5,Bird.Fanchet5@testmail.com,Fanchet,Bird
Bren.Phail53,Bren.Phail53@goodmail.com,Phail,Bren
Merna.Kyd71,Merna.Kyd71@goodmail.com,Kyd,Merna
Suzy.Rubetta73,Suzy.Rubetta73@testmail.com,Rubetta,Suzy
Tiff.Desimone88,Tiff.Desimone88@funmail.com,Desimone,Tiff
Betsy.Antonino77,Betsy.Antonino77@goodmail.com,Antonino,Betsy
Eddy.Diahann92,Eddy.Diahann92@testmail.com,Diahann,Eddy
Roby.Romilda54,Roby.Romilda54@goodmail.com,Romilda,Roby
Carolin.Therine69,Carolin.Therine69@funmail.com,Therine,Carolin
Fannie.Goodard85,Fannie.Goodard85@funmail.com,Goodard,Fannie
May.Melton60,May.Melton60@funmail.com,Melton,May
Lesly.Eulalee16,Lesly.Eulalee16@funmail.com,Eulalee,Lesly
Karissa.Jermaine18,Karissa.Jermaine18@testmail.com,Jermaine,Karissa
Michaella.Rifkin18,Michaella.Rifkin18@goodmail.com,Rifkin,Michaella
Channa.Duck37,Channa.Duck37@goodmail.com,Duck,Channa
Kirsten.Cherish66,Kirsten.Cherish66@funmail.com,Cherish,Kirsten
Lorena.Virgie64,Lorena.Virgie64@funmail.com,Virgie,Lorena
Lynnell.Danelle74,Lynnell.Danelle74@funmail.com,Danelle,Lynnell
Elvira.Shauna41,Elvira.Shauna41@funmail.com,Shauna,Elvira
Magdalena.Chenee37,Magdalena.Chenee37@funmail.com,Chenee,Magdalena
Stacey.Kalle46,Stacey.Kalle46@goodmail.com,Kalle,Stacey
Leonie.Ingaborg81,Leonie.Ingaborg81@funmail.com,Ingaborg,Leonie
Loralie.Bywaters26,Loralie.Bywaters26@testmail.com,Bywaters,Loralie
Charlotte.Frere33,Charlotte.Frere33@testmail.com,Frere,Charlotte
Milka.Cotterell3,Milka.Cotterell3@testmail.com,Cotterell,Milka
Casie.Millman45,Casie.Millman45@funmail.com,Millman,Casie
Devina.Cordell54,Devina.Cordell54@testmail.com,Cordell,Devina
Dael.Rudwik16,Dael.Rudwik16@testmail.com,Rudwik,Dael
Melisent.Fraya17,Melisent.Fraya17@funmail.com,Fraya,Melisent
Faye.Seraphine14,Faye.Seraphine14@goodmail.com,Seraphine,Faye
Perle.Clie49,Perle.Clie49@goodmail.com,Clie,Perle
Miquela.Osborne45,Miquela.Osborne45@funmail.com,Osborne,Miquela
Lurleen.Caravette72,Lurleen.Caravette72@funmail.com,Caravette,Lurleen
Katha.Ondrea11,Katha.Ondrea11@goodmail.com,Ondrea,Katha
Brooks.Elrod39,Brooks.Elrod39@testmail.com,Elrod,Brooks
Christa.Alves28,Christa.Alves28@goodmail.com,Alves,Christa
Chelsae.Pernell91,Chelsae.Pernell91@goodmail.com,Pernell,Chelsae
Mame.Kalle16,Mame.Kalle16@testmail.com,Kalle,Mame
Jo-Ann.Margit14,Jo-Ann.Margit14@goodmail.com,Margit,Jo-Ann
Kelci.Antonin32,Kelci.Antonin32@funmail.com,Antonin,Kelci
Lucky.Nerte82,Lucky.Nerte82@testmail.com,Nerte,Lucky
Talya.Demb61,Talya.Demb61@goodmail.com,Demb,Talya
Cristabel.Isabelita37,Cristabel.Isabelita37@testmail.com,Isabelita,Cristabel
Sylvia.Billi30,Sylvia.Billi30@goodmail.com,Billi,Sylvia
Veda.Lyndsey18,Veda.Lyndsey18@testmail.com,Lyndsey,Veda
Vanda.Zusman48,Vanda.Zusman48@funmail.com,Zusman,Vanda
Adan.Benjy26,Adan.Benjy26@goodmail.com,Benjy,Adan
Thekla.Bowden96,Thekla.Bowden96@goodmail.com,Bowden,Thekla
Deloria.Parrott62,Deloria.Parrott62@funmail.com,Parrott,Deloria
Marijo.Alma39,Marijo.Alma39@funmail.com,Alma,Marijo
Madelle.Jewett4,Madelle.Jewett4@goodmail.com,Jewett,Madelle
Renell.Radu26,Renell.Radu26@funmail.com,Radu,Renell
Dulcy.Robertson20,Dulcy.Robertson20@funmail.com,Robertson,Dulcy
Stevena.Magree52,Stevena.Magree52@goodmail.com,Magree,Stevena
Glennie.Rivard69,Glennie.Rivard69@funmail.com,Rivard,Glennie
Una.Hortensia93,Una.Hortensia93@goodmail.com,Hortensia,Una
Karole.Rucker20,Karole.Rucker20@testmail.com,Rucker,Karole
Idette.Tenner70,Idette.Tenner70@testmail.com,Tenner,Idette